{"products":[{"id":"0.6582957506400389","qty":1}],"totalPrice":68.00999999999999}